_id,fecha,consumo_final_electricidad_gwh
1,2016-01-01T00:00:00,17959.96135
2,2016-02-01T00:00:00,17543.35576
3,2016-03-01T00:00:00,19136.72857
4,2016-04-01T00:00:00,19886.97134
5,2016-05-01T00:00:00,21409.10774
6,2016-06-01T00:00:00,21987.48509
7,2016-07-01T00:00:00,22564.66461
8,2016-08-01T00:00:00,22823.82131
9,2016-09-01T00:00:00,21897.71824
10,2016-10-01T00:00:00,21708.48625
11,2016-11-01T00:00:00,20392.85347
12,2016-12-01T00:00:00,19408.10885
13,2017-01-01T00:00:00,18422.53956
14,2017-02-01T00:00:00,17844.29514
15,2017-03-01T00:00:00,20028.21575
16,2017-04-01T00:00:00,20177.46839
17,2017-05-01T00:00:00,22631.0607
18,2017-06-01T00:00:00,23411.1403
19,2017-07-01T00:00:00,24086.39881
20,2017-08-01T00:00:00,24037.88735
21,2017-09-01T00:00:00,23589.67153
22,2017-10-01T00:00:00,23203.0869
23,2017-11-01T00:00:00,21751.8425
24,2017-12-01T00:00:00,20298.34185
25,2018-01-01T00:00:00,20075.09798
26,2018-02-01T00:00:00,19332.91212
27,2018-03-01T00:00:00,21086.43238
28,2018-04-01T00:00:00,21589.91968
29,2018-05-01T00:00:00,23543.83829
30,2018-06-01T00:00:00,24490.94271
31,2018-07-01T00:00:00,24639.28331
32,2018-08-01T00:00:00,25365.6782
33,2018-09-01T00:00:00,24386.66691
34,2018-10-01T00:00:00,23781.25851
35,2018-11-01T00:00:00,21545.34909
36,2018-12-01T00:00:00,20556.88271
37,2019-01-01T00:00:00,20181.91751
38,2019-02-01T00:00:00,19806.82613
39,2019-03-01T00:00:00,21551.83722
40,2019-04-01T00:00:00,21459.65407
41,2019-05-01T00:00:00,23713.15368
42,2019-06-01T00:00:00,24604.67359
43,2019-07-01T00:00:00,25433.25593
44,2019-08-01T00:00:00,25997.21134
45,2019-09-01T00:00:00,24823.35657
46,2019-10-01T00:00:00,24799.77586
47,2019-11-01T00:00:00,22096.49364
48,2019-12-01T00:00:00,21496.13463
49,2020-01-01T00:00:00,20501.70386
50,2020-02-01T00:00:00,19908.79071
51,2020-03-01T00:00:00,21570.85495
52,2020-04-01T00:00:00,19148.45224
53,2020-05-01T00:00:00,20888.69401
54,2020-06-01T00:00:00,22806.67532
55,2020-07-01T00:00:00,24274.68455
56,2020-08-01T00:00:00,25089.15861
57,2020-09-01T00:00:00,24699.4691
58,2020-10-01T00:00:00,24995.99556
59,2020-11-01T00:00:00,22311.89131
60,2020-12-01T00:00:00,21972.65512
61,2021-01-01T00:00:00,20396.70312
62,2021-02-01T00:00:00,19148.92647
63,2021-03-01T00:00:00,21876.44093
64,2021-04-01T00:00:00,22272.91532
65,2021-05-01T00:00:00,23936.21951
66,2021-06-01T00:00:00,24921.16617
67,2021-07-01T00:00:00,25378.834
68,2021-08-01T00:00:00,25601.49035
69,2021-09-01T00:00:00,25076.91171
70,2021-10-01T00:00:00,25044.82948
71,2021-11-01T00:00:00,22510.05921
72,2021-12-01T00:00:00,22477.87302
73,2022-01-01T00:00:00,20978.23536
74,2022-02-01T00:00:00,19882.39942
75,2022-03-01T00:00:00,22311.9571
76,2022-04-01T00:00:00,22673.23808
77,2022-05-01T00:00:00,25119.36576
78,2022-06-01T00:00:00,26374.86729
79,2022-07-01T00:00:00,27211.90069
80,2022-08-01T00:00:00,27152.98542
81,2022-09-01T00:00:00,25965.59517
82,2022-10-01T00:00:00,26012.53884
83,2022-11-01T00:00:00,23327.01211
84,2022-12-01T00:00:00,22896.35529
85,2023-01-01T00:00:00,21940.29027
86,2023-02-01T00:00:00,20515.78919
87,2023-03-01T00:00:00,23373.87554
88,2023-04-01T00:00:00,22840.9674
89,2023-05-01T00:00:00,25316.308
90,2023-06-01T00:00:00,26696.62235
91,2023-07-01T00:00:00,28034.70817
92,2023-08-01T00:00:00,28957.9897
93,2023-09-01T00:00:00,28015.0603
94,2023-10-01T00:00:00,27542.9639
95,2023-11-01T00:00:00,24213.28423
96,2023-12-01T00:00:00,23032.74745
97,2024-01-01T00:00:00,21849.71574
98,2024-02-01T00:00:00,21145.37245
99,2024-03-01T00:00:00,22983.17655
100,2024-04-01T00:00:00,23989.9244
101,2024-05-01T00:00:00,26964.29575
102,2024-06-01T00:00:00,27770.2243
103,2024-07-01T00:00:00,28187.68527
104,2024-08-01T00:00:00,28999.67123
105,2024-09-01T00:00:00,27833.88957
106,2024-10-01T00:00:00,27667.95918
107,2024-11-01T00:00:00,24944.36837
108,2024-12-01T00:00:00,23403.34478
109,2025-01-01T00:00:00,22183.29465
110,2025-02-01T00:00:00,21031.82884
111,2025-03-01T00:00:00,23770.8207
112,2025-04-01T00:00:00,23739.04697
113,2025-05-01T00:00:00,26585.81197
114,2025-06-01T00:00:00,27454.58357
115,2025-07-01T00:00:00,28029.63825
116,2025-08-01T00:00:00,28458.20393
117,2025-09-01T00:00:00,27926.53561
118,2025-10-01T00:00:00,28032.74613
119,2025-11-01T00:00:00,24999.30517
120,2025-12-01T00:00:00,24263.91879
